,file_ID,partial_T,sequence,af_time,esm_time,chai_time,af_pLDDT,esm_pLDDT,chai_pLDDT,af_RMSD,esm_RMSD,chai_RMSD
0,metric_d6hcia__3.pdb,20,MNEVKIIKIDKEIEVEEGETLVVNVEVESKNPVEIEVYYKGKKLEPDENIEIKKLSENKFEIIFKGKVKELEGKVKIVFKDKVTGNEAEAEVEIKLK,50.13249588012695,1.010345697402954,70.95332360267639,83.30114358322744,79.5089058524173,84.18791984732825,3.2840657255358425,3.29097244836149,3.3763917771818996
1,metric_1c4kA04_0.pdb,20,MKEIEELKKKYKELLEKLEPLEELYSLELIEKAVEKGLLEEIELSELVGKTVGMYIKDVETGETIISAMVEITPLLLETIKLALELKEKDPSYKLETKYTEFFYNEKTGKYIVKAVLKETLEKEKDLQ,50.54084801673889,0.7444612979888916,69.31883788108826,78.08403241182079,82.86450381679388,76.55801145038168,4.07514980477304,4.012360525891216,4.350373115024084
2,afm_1z08C00_6.pdb,20,MLKILILVLEGDDPLAAEVLREVLDKSLKVIKMDDDKLYTEEMEIEIDGVKVKIKIVWGNIDKAVEELKDEILEGIDAIIIIALIETEEEAEKVLEVAKELKKRTGKPVHVIALVKSEEEVEKLKPILEKLKKELEKLGVKFHVAVAEDLEKVRKILEEIIKEEI,49.179930210113525,1.071413516998291,70.06802487373352,78.6980030257186,81.03709311127933,82.43475927327782,3.7345964758765775,3.9487496870960825,5.115762726678895
3,afm_d1u7ba1_2.pdb,10,MARLVFDDIQRLRDILRELGALNPLVKLVVTPESLTLEAVAPDGSRTLVVVIPRSEAAEMEVTEPVEAWVDVGELLAVLEQAGPDDRVTFEFDSASGELRVVLQGPDPSERREFTLPVVEVDVPAP,50.11280965805054,0.8861441612243652,68.66361618041992,82.69059793814434,82.35500515995872,89.07390918472652,3.4351859332018115,2.988120432486135,2.259615041470385
4,afm_1z08C00_6.pdb,10,MKKVKVLILASEGLPAPGLAKLLTTGELVNETITSEEIKTFELKMEVNGEEVLVEIHVASIEKQLPKLKEEELKEFDAVIVLADLRNKEEVEKALKVLEELKEKLPKKTVLALALLGKDKKEEWEVDPEELREKAEKLGVEVFEVNYSNKEEILEMFKKILEKLF,49.98698306083679,1.0026376247406006,69.37713956832886,80.56782051282052,85.82641509433962,88.14509283018867,2.0713736657247357,2.092060672691635,2.1250757243886795
5,metric_1c4kA04_0.pdb,30,MEFPDADEVKEVIGEGGEEMIVLTKKYEDPDPDAETVTETITIPKEDFEKLLPKPEQKIEYKKLTLKAGEDATEEMKKLYEEELERLKKGDKTLLHLEVVKEEGAKVEGAMYVTEYSAKHAEALKKKA,48.85391545295715,0.8714029788970947,68.71069407463074,67.9763734115347,53.63502935420744,63.532940313111546,24.874857469720787,19.767868496466615,17.314944533577624
6,metric_4b0fB00_6.pdb,20,DLAAALAAALAAGRSRAAILAALAAAARAAEAAAAQAAAAAAAAAAAAAAA,48.88016366958618,0.7376253604888916,69.0069465637207,94.89854785478548,90.54635761589404,90.34673178807947,8.281108249858805,3.3003812327053854,3.796185630621406
7,metric_1c4kA04_0.pdb,10,MEKETKLDELFKKIESGEIKQERALSDEEIDLANKEGAVEWVEVEEVLGKVAAEDIKDEKTGFTIIKKGEVFSEEQAEYLKLLEELLNKDEEKSRKLEGVEVKEVDGKKKLYVKVLDEEKLKKIKELK,48.78766942024231,0.8564677238464355,67.88154411315918,80.26982725527832,86.01344860710854,87.38571661863593,2.214041684690937,2.135273946975277,2.126843871072246
8,afm_d3o07a__6.pdb,20,MKKLLAAVVETLEEAKVCVEEGVDRIIVRTRLSPEDAALGLAAPLVSLERLREIREAAPCEVVLGLDLADEAALDRAIEAGVDTLLQTPSQKVADAAAVERLHAAGIRVEASVSTLKDAIEWAALGFDVIRFTPPSSVKTVEEKKKWIEEMKEEVKRLLELKEEEEIRELAEELGVSVEQVKLFQEKIKTEMRLEFAVKVSTLEELIAALELGVDVIVVGGFRGSLEELRKFLRFGKRLIETGLDEEVIKETLKEMGIK,62.75711703300476,0.7884190082550049,90.74985456466675,75.3494053518335,77.10262766484878,83.28836886465047,4.656267833266453,4.576063728783007,4.603750749530556
9,afm_1z08C00_6.pdb,30,MKKLVVLALLGDEDLTIRVKLPRLPEITITFKTVDGKKIVEVEVDLKAAGLDEVESFYCDTLEELLEKAKKLLKPENVLVVVLGVRTKEEVPEVIETLREIEEIAREKVEDLVAVIVCRTEEIAEEAVRLVEKDERLKCDVVVVTVYPDGRQEVRIIEKPRIDSS,51.82191252708435,0.7561068534851074,69.48764681816101,84.61379756468797,81.45696877380045,86.04372810357958,6.803105553493447,6.792828403303235,6.895515134730268
10,afm_d1u7ba1_2.pdb,20,MVKLVFKDVKKLKELVKELYEKCDELEIIIENDTVRIIGYPKDGGEKIEYEIGKEDLKEIEQDKPVKLTMPVSKFYEVISKAKDDDEITFEIDLEKGEVTITIKPKDGRPTQVFKFKASELGVEEL,50.58012866973877,0.7007689476013184,69.92885160446167,82.37545365853659,81.7431640625,86.081185546875,3.3241466879384673,3.3196346477729533,3.383941663452434
11,metric_d6hcia__3.pdb,30,GSMSKLTIKVTMEKDNEKALEELCEKIKKILEENPDAKIVKVKGTKEYIEKLKEVTGQKAEEEEYLDESEERITLEIEIEFGPDAPGIHTEIEIEIK,49.30121088027954,0.6833286285400391,68.72938251495361,80.96327342747112,77.39974293059126,81.86468380462725,8.861651894505156,8.896065479121905,8.913229309010841
12,afm_7K00O_8.pdb,20,MSKEEKVKELLKELFGSVSKASKNSKEAIELFVKILELKKKKETEEDKEKLEEEIKKLEEELKKKLEEIEKKDKEVAKKIKELFKKLE,49.13171625137329,0.6817693710327148,69.42074298858643,84.66323369565217,72.64353741496599,75.06968027210884,3.3141552283450384,4.571372456145361,5.526646118906746
13,afm_d3o07a__6.pdb,30,MKIAIIITTKSKKDYEAEAEFKSGLELKFISVGISSKEDEEKAVEKIIEKVKELKPEFDLIIVIPELLSKEDYKKLVEELLELGASVLFGGSEEEVKLLEEAIEKGHSIVIRLSDLESLVLFAKAQKKVEAIGYLRTEEETEGFLENLRLLRHLLENEELPEHREKLDEICKRLGISREELRELFESLLKQKLIITLSSEESLEKLAELLAELGVEVTLIGIEIDEETGEVKFTVIKLSKKDGEMVIEKETVTAKLKEL,61.32637000083923,0.799968957901001,89.51388716697693,68.24458755426917,84.66023166023166,86.23319256756757,8.020255476033464,7.727072376467229,7.768048225163191
14,afm_3zc0D00_2.pdb,20,MKKEEEEKKKEEEEVLKEAKELLERAKELLEEAKRAYEEGDLEKVREIYEEVEKIYKKLEELYKKYKELKPILEEARIILVEVETLLLALEGREEFELKEKVSPELKLKQLLAAVKALLECAERALEEGDEERLRRLLELAKKLLEEAKKLIEENKSVSEEILKEYKEAEERLEELEERYREKL,50.257630825042725,0.8000049591064453,70.69522428512573,81.53090733590733,85.87636831938184,80.35451641983258,3.4280875260548402,3.3577797032115035,15.116718215706692
15,afm_d7ehpa__6.pdb,20,MMKVLIVTTEKDNKTLIKLLEEMAKKIEEEFPEVEVEVVVEETRLEAVETIREAIKEGKAILVATGLTLATVVELMKELGAEGFAKLLEEAGLMKEARYKELLELGEDIKLFILTLSVMCLVVSKSTIKELGCEGLSVRELIEKILEEAKKKGKIPVAVRISSLGEVEALCVLLGREAWTPEEASAYLRGEKKVEKEEIEKFIDLVKEAKEKGVEFLSDKEASPLELRLKAVNEEAEALIDGTDGVSILLEDERNKKKEDLEVLPIVQEKGKNKGSVLVDVFSTSLYRKDLSEEEKELLLKIIKEYIIKELVPKLAIELGLLPVFKLDSLKDAKEFTKIILECEDKPLVLLPSDLFTEEVREFVIEELEKLIEGKISPEEAKEKIYKKIEEEFEKRK,62.548035621643066,0.8458170890808105,113.64857053756714,39.308814580031694,81.99619530754597,84.40380754597336,27.273219141463045,4.216193085516974,4.360284487454203
16,metric_4gytA00_3.pdb,20,MMKKVEPSEIEKLLKECGLKVSVKELIIEAYKAIAKGKTEEFLKKVEERLGPEETEKRKKLLEKVKEFVKRLEYEVNNEELEIESELEKSKLPNETKKKRLEEELEIQLEIIKFLKEEFEKLGLEELAEEAEKLAEEIEEAIKNLSEEEENLKKAIELLKKAREFILEALRKIKKLK,50.57319402694702,0.9688725471496582,69.066965341568,79.69493541808293,82.91836734693877,81.36456666666666,4.033088827136913,3.958740613245604,4.506184155318227
17,afm_7K00O_8.pdb,10,MLSKEELEKIIKEVAKEEKDKDSLEVQAVILKKEIELLKEQLKKNPEDEETKKELEEKEKKLKELLEKIEKEDKKKAEELKKKLGIKE,49.439759492874146,1.001227617263794,69.32495832443237,83.22492517006803,78.06811989100817,85.67020572207085,11.847860127737848,4.8910146013738816,3.4533103009599246
18,afm_7K00O_8.pdb,30,EKEKKFKEKKEETLKEIERCLKEGTKYIEEVIKKIEELIEIGKELLSKEDLEKLKELLEKLKKAVEEGAPEEEIKKLLKEIKEFIEKL,49.39540767669678,0.6889164447784424,68.93309593200684,89.66321621621621,88.8809201623816,89.40413261163735,9.858073197785833,9.831490283322221,9.914251256328448
19,afm_4i17A00_2.pdb,10,MDIEELKKELEEAIKKGDYEKAYELAKKLIELEGEENLELLKKLAELAIKLGKYEEALKILEKLLELGGDEVECYKKKVEILLKQGKLEEAYEVLKEAVKKHPEDEEIRKLLAEFLLEKMKELIKKGDEKKFEEIAEEILKLGLKEAQIEILEMRYEYYLEKIKKLEEEYKEVKETDEEKAKKLKEEIEKELKKAIELLEKLAELEPENEEIKKKIEELKKKL,50.438172817230225,1.013700246810913,69.08836150169373,80.24690655209452,85.69586243954863,85.55441268135411,2.5865765597031207,2.6701898940424464,2.557903536402742
20,afm_3zc0D00_2.pdb,30,MKEEEEKKKKEEEELKKELEETLEEALELAKKALELYKKGDKEKFEELYEELKELYEKALELIKKLKELSEEEKEKLVEVTALLVKLLILLGKYEEAYKVIEETILDIEMLIKLTELLLEYIKELLEEGKLEEAKKLLEIAEKLLEKIKELIEEEEEDKEEIEKKLEELEEELEELKEELEEKE,49.86488580703735,0.7940244674682617,69.27454900741577,78.2953118971061,84.23037323037323,85.26950643500643,4.94463266220531,4.954040888685531,5.060628466325038
21,afm_3zc0D00_2.pdb,10,MEEEKEREEKEKEENRKKLDELLKKAEELYKKLKEAIEKGDIEEAEKLLEEMEKILKEAEKLVKDKEYGEEILNKIKILVATAELLLNCEKGEFKTELKYKLSDSDKVEAFLETVEFLLERAEELLKKGDIEKAKKYIELAKKLLEEIEKYKSLPEEKLKDNWKRFEELKERLEKLEEELEELE,52.48242163658142,0.9787616729736328,70.83569717407227,78.79065637065636,83.98712169993561,84.5222208628461,2.9443113681031243,2.843950369802965,2.7506968112370958
22,metric_4b0fB00_6.pdb,30,AAAAAAAAAAAASAAERAAAAAAAAAAAAAAAAAAAAAAAAAAAARAALLA,49.68023061752319,0.5977382659912109,70.1231198310852,94.464229390681,39.877697841726615,83.47258633093526,8.74330504153148,8.761101363221009,8.028623196699057
23,afm_d1u7ba1_2.pdb,30,RIIFREPSPEEEEVFERLRELLLRAHAAGLAGRALLVNLDSGEVLRELPLEEVRDLLPEELLAELEASGSEVVVLLAESADGKRRYLGVLAVDPATGLVTFRLWDLDTGELVREEVEDRAAVEAAL,49.405543088912964,0.703751802444458,68.91778683662415,79.71883130081301,80.70701932858596,87.91744048830112,10.639368067264211,10.585670676148629,10.45792080716486
24,afm_4i17A00_2.pdb,20,MSLEELLERAYEALKRGDKEEFVRLVLELVREHPVEDPELLIAAIEAAVELGDVEALCELARLFIERGVKDPEVWAALIRALAEFSEHEECRELLYELLKSGIKSEEVKETIKEVALKEAERLLKEGNFEEVEELIELLLEEGLEEAAKEVALLALELLLEKILELKEEYEKLKEIDEEEAKKVEKEIKELLDKLKELAEKVLKKFPEFEKAKEFLKKAEELE,50.55518817901611,0.802832841873169,69.20041084289551,81.89135090609555,83.93241758241759,86.56362472527472,6.862944417786106,6.337243655763386,6.549333164969001
25,afm_4i17A00_2.pdb,30,MSSETITITISPSESVEEVLEKVKKVKEENKGKKIVLKGATIESVIELVKEGIVFTNPVTGREEPYAREVTGLTKEKLLELAEEVAKRFKGKITITVLTEGLSEEQQRKVEEYAAELKKKLEELGLEETVVIVVGLTPEGGYVVVIYDGKKLVFNLENEEELKKSLEEWLKWIETLPEEEKKKALKALIEVAKFLKKLAEEILGNEKVVKLLDEFIEKLEKKL,50.28744554519653,0.7944297790527344,69.18394827842712,81.33321729365525,84.58258426966292,85.06058370786516,14.188291182843221,14.112752818857162,14.474606512834342
26,afm_d7ehpa__6.pdb,10,MIKLLLPLSDPKYEKLRELFLKIIEEAEKKLKNIKVEVELVSPEELEYSVLQEMIEAGDLPDIIILPSGANLRALAEAGKLLDVQEGLEKAGILDKLKYPEVAVFDGKVLSVPLLYELFGLFVNKKVLDEAGLEIKETVEDWLEVCKELKEKGIYALGINLSDKVKLGDFFSALLTLLMSEEEIEKLLSGELSWEIEKVREALELLKEILDNGFLPKDSEKLSEEEVWKLLVEGKIASVFGGSSDFAGAVNAGIIKNLEDFELVELPKKDNEMKDKVIIEPVYSLAVSKHASKEAVEFALEIIELLAKPETRLKLANECLLIPAFELPDIDKLNELAKKLLKLLEKEVVWSLRSKMPVELRKLLEELISKFVKGEISIEELLKELEEAVKKLLEEKE,62.640641927719116,0.8526651859283447,112.943922996521,70.51114032309154,80.96134347275031,86.88222433460076,2.7987703754457733,2.3139394612865805,2.3948392832182996
27,metric_4gytA00_3.pdb,30,SKIEETVKKIEELLLSYPVKYPNEIKELEAEIEIEVEGKDGEIKVKVKYSKTELSELIEELAKLYAEYVEELVKELGVEKKFKFTFKLKIYVIVTPEIVKKLGGKAVVVISNEVEIEDEDGKKTKFVSPENEELEKLLEKLKEEKEKEEELIEEMLKLTKKNTKDLLEQIEKYLKEY,50.42267847061157,0.750713586807251,69.57883071899414,73.68466165413534,81.38166894664842,83.12972708618331,11.225280351481043,10.938021394757198,10.979331982078627
28,metric_4gytA00_3.pdb,10,MMKEFSLKELEELCKKAGCKLSPFEIQTVLLTYLCLGKEEEGLEFLEKQLPKEKTEVVEELKKKIEELLKRLKEILEDKSKKIKLLKPDKSTSNKEKFKELVNSAKIILELLEKYGIKLEDFESEELKKLYKELEEISKEKVEDVKDSKEDEEKIEEYYKLLEKFLELLYEEMKKKK,50.43887281417847,0.8046824932098389,69.06900691986084,80.19958922558922,83.44541778975741,85.16791644204852,2.6287924180694793,2.443871322222787,2.4792462022097164
29,metric_d6hcia__3.pdb,10,SKKIKFKTKDTTITAYPGEKVVVKIEVESAEEVEVSIHKNGEEPTKLPNVSLKKIGDGTYELIIEKVTEEDEGEFEVVFKSKSSTGKVKIKLKVKYK,49.87255024909973,0.7287654876708984,69.20964670181274,81.64140625,86.2425032594524,86.25854498044329,2.3610857458794525,1.7369538495582053,1.6326279758251832
30,afm_d3o07a__6.pdb,10,MKNEIVVEVTTVEQAIACDKVGVDRILVTEEDIEELLKAGRALRPPSEEFVREVIEAVKAEVEVPLGPGDQEGALRYDRAGVDRILVTDALPVPAPDARIDFAALSARVALPVRDFGDLLRALELGADELVLEKPIGSEDFNEYKEMVEKLKKELEEAKKIKSEEERKKLAEKYGVSLEVLEEVIKAGKPPQRLMAFGENSSLENIIELLKLGFDIVFVSMSVLKRPDWEELLKLMIEAARNIEDEEKIKELIEQQPGS,61.71122741699219,0.8194575309753418,89.69500875473022,80.00483063328424,81.59086444007858,84.72806974459725,2.52691793379928,3.224779621542262,2.8067546163147994
31,afm_d7ehpa__6.pdb,30,MKIVIVLNLPKYLMEEGREIAEKVIEKLGSDKEVEIIEKEYISEEEIKKLMEEIKDAETVIFICGGELMRIAIEAAKEVGIKRLVAVSVSDNFLKDISVMQLLLEESGDDNLVVIDTFRYLEYRMERDEETGLELPVMTLVRLRALKELKKEGIEVKSVKLDPKFVEERLKSTAELLKEQIKKLAEKGSKEAEEYLKRLEDLLKTAELRLKLQEEGFKGDVVGYRTAAVIENGEIRLYPASGFFSAKECSWEEHAEILKKFGELVREHLLELGYLREAALTIIVVVYRKSASPESVKLAELLAEAIAETRHEIAERIEKEVGDFKILIIIGVEPELAEEAKPLAEELAKEIEEKLEKGENLIFSGFSPFERLEVTQETVDWLKKVLEEVKEYLEKAK,64.33029198646545,1.0348081588745117,114.16095995903015,61.803384422896464,48.60012515644556,67.32870056320401,12.5615814155176,26.50148755387889,14.436657508654692
32,metric_4b0fB00_6.pdb,10,SAAARRAAALAAHGSEAALRAAAAAAAAAAAAAAAAAAAAAAAAAAAAAAA,50.09470176696777,0.5743069648742676,68.94231271743774,95.78737931034483,49.73010380622838,81.32956401384084,8.252867836379046,14.03828558263515,8.34942177814122
